Adam Newby <adam@NewsNow.co.uk>
Albert Dvornik <bert@genscan.com>
Alexandre Duret-Lutz <duret_g@lrde.epita.fr>
Andreas Gustafsson <gson@araneus.fi>
Andreas König <andreas.koenig@anima.de>
Andreas König <koenig@mind.de>
Andrew Pimlott <andrew@pimlott.net>
Andy Lester <andy@petdance.com>
Ben Coleman <bcoleman@mindspring.com>
Benjamin Low <ben@snrc.uow.edu.au>
Ben Low <ben@snrc.uow.edu.au>
Ben Tilly <Ben_Tilly@trepp.com>
Blair Zajac <blair@gps.caltech.edu>
Blair Zajac <blair@orcaware.com>
Bob Dalgleish
BooK <book@netcourrier.com>
Brad Hughes <brad@tmc.naecker.com>
Brian J. Murrell
Brian McCauley <B.A.McCauley@bham.ac.uk>
Charles C. Fu <ccwf@bacchus.com>
Charles Lane <lane@DUPHY4.Physics.Drexel.Edu>
Chris Nandor <pudge@pobox.com>
Christian Gilmore <cgilmore@tivoli.com>
Chris W. Unger <cunger@cas.org>
Craig Macdonald <craig@freeasphost.co.uk>
Dale Couch <dcouch@training.orl.lmco.com>
Dan Kubb <dan.kubb@onautopilot.com>
Dave Dunkin <dave_dunkin@hotmail.com>
Dave W. Smith <dws@postcognitive.com>
David Coppit <david@coppit.org>
David Dick <david_dick@iprimus.com.au>
David D. Kilzer <ddkilzer@madison.dseg.ti.com>
Doug MacEachern <dougm@covalent.net>
Doug MacEachern <dougm@osf.org>
Doug MacEachern <dougm@pobox.com>
Edward Avis <epa98@doc.ic.ac.uk>
<erik@mediator.uni-c.dk>
Gary Shea <shea@gtsdesign.com>
Gisle Aas <aas@oslonett.no>
Gisle Aas <aas@sn.no>
Gisle Aas <gisle@aas.no>
Gisle Aas <gisle@ActiveState.com>
Graham Barr
Gurusamy Sarathy <gsar@ActiveState.com>
Gurusamy Sarathy <gsar@engin.umich.edu>
Hans de Graaff <hans@degraaff.org>
Harald Joerg <haj@oook.m.uunet.de>
Harry Bochner <bochner@das.harvard.edu>
Hugo <hv@crypt.compulink.co.uk>
Ilya Zakharevich
INOUE Yoshinari <inoue@kusm.kyoto-u.ac.jp>
Ivan Panchenko
Jack Shirazi
James Tillman
Jan Dubois <jand@ActiveState.com>
Jared Rhine
Jim Stern <jstern@world.northgrum.com>
Joao Lopes <developer@st3tailor.com.br>
John Klar <j.klar@xpedite.com>
Johnny Lee <typo_pl@hotmail.com>
Josh Kronengold <mneme@mcny.com>
Josh Rai <josh@rai.name>
Joshua Chamas <joshua@chamas.com>
Joshua Hoblitt <jhoblitt@ifa.hawaii.edu>
Kartik Subbarao <subbarao@computer.org>
Keiichiro Nagano <knagano@sodan.org>
Ken Williams <ken@mathforum.org>
KONISHI Katsuhiro <konishi@din.or.jp>
Lee T Lindley <Lee.Lindley@viasystems.com>
Liam Quinn <liam@htmlhelp.com>
Marc Hedlund <hedlund@best.com>
Marc Langheinrich <marc@ccm.cl.nec.co.jp>
Mark D. Anderson <mda@discerning.com>
Marko Asplund <aspa@hip.fi>
Mark Stosberg <markstos@cpan.org>
Markus B Krüger <markusk@pvv.org>
Markus Laker <mlaker@contax.co.uk>
Martijn Koster <m.koster@nexor.co.uk>
Martin Thurn <mthurn@northropgrumman.com>
Matthew Eldridge <eldridge@Graphics.Stanford.EDU>
<Matthew.van.Eerde@hbinc.com>
Matt Sergeant <matt-news@sergeant.org>
Michael A. Chase <mchase@ix.netcom.com>
Michael Quaranta <quaranta@vnet.IBM.COM>
Michael Thompson <mickey@berkeley.innomedia.com>
Mike Schilli <schilli1@pacbell.net>
Moshe Kaminsky <kaminsky@math.huji.ac.il>
Nathan Torkington <gnat@frii.com>
Nicolai Langfeldt <janl@ifi.uio.no>
Nicolai Langfeldt <janl@math.uio.no>
Norton Allen <allen@huarp.harvard.edu>
Olly Betts <olly@muscat.co.uk>
Paul J. Schinder <schinder@leprss.gsfc.nasa.gov>
<peterm@zeta.org.au>
Philip GuentherDaniel Buenzli <buenzli@rzu.unizh.ch>
Pon Hwa Lin <koala@fragment.com>
Radoslaw Zielinski <radek@karnet.pl>
Radu Greab <radu@netsoft.ro>
Randal L. Schwartz <merlyn@stonehenge.com>
Richard Chen <richard@lexitech.com>
Robin Barker <Robin.Barker@npl.co.uk>
Roy Fielding <fielding@beach.w3.org>
Sander van Zoest <sander@covalent.net>
Sean M. Burke <sburke@cpan.org>
<shildreth@emsphone.com>
Slaven Rezic <slaven@rezic.de>
Steve A Fink <steve@fink.com>
Steve Hay <steve.hay@uk.radan.com>
Steven Butler <stevenb@kjross.com.au>
<Steve_Kilbane@cegelecproj.co.uk>
Takanori Ugai <ugai@jp.fujitsu.com>
Thomas Lotterer <thl@dev.de.cw.com>
Tim Bunce
Tom Hughes <thh@cyberscience.com>
Tony Finch <fanf@demon.net>
Ville Skyttä <ville.skytta@iki.fi>
Ward Vandewege <ward@pong.be>
William York <william@mathworks.com>
Yale Huang <yale@sdf-eu.org>
Yitzchak Scott-Thoennes <sthoenna@efn.org>
